iso_code,country,group_OWID_Continent,group_UN_Region,group_WHO_Region,group_WB_region,group_WB_adminregion,group_WB_incomeLevel,group_WB_lendingType,group_WB_longitude,group_WB_latitude,group_OWID_Continent_exclude_US,group_UN_Region_exclude_US,group_WHO_Region_exclude_US,group_WB_region_exclude_US,group_WB_adminregion_exclude_US,group_WB_incomeLevel_exclude_US,group_WB_lendingType_exclude_US,group_is_USA,year,area,biofuel_cons_change_pct,biofuel_cons_change_twh,biofuel_cons_per_capita,biofuel_consumption,biofuel_elec_per_capita,biofuel_electricity,biofuel_share_elec,biofuel_share_energy,carbon_intensity_elec,coal_cons_change_pct,coal_cons_change_twh,coal_cons_per_capita,coal_consumption,coal_elec_per_capita,coal_electricity,coal_prod_change_pct,coal_prod_change_twh,coal_prod_per_capita,coal_production,coal_share_elec,coal_share_energy,electricity_demand,electricity_generation,energy_cons_change_pct,energy_cons_change_twh,energy_per_capita,energy_per_gdp,fossil_cons_change_pct,fossil_cons_change_twh,fossil_cons_per_capita,fossil_electricity,fossil_energy_per_capita,fossil_fuel_consumption,fossil_share_elec,fossil_share_energy,gas_cons_change_pct,gas_cons_change_twh,gas_consumption,gas_elec_per_capita,gas_electricity,gas_energy_per_capita,gas_prod_change_pct,gas_prod_change_twh,gas_prod_per_capita,gas_production,gas_share_elec,gas_share_energy,gdp,gdp_per_captia,gdp_ppp,gdp_ppp_per_capita,greenhouse_gas_emissions,hydro_cons_change_pct,hydro_cons_change_twh,hydro_consumption,hydro_elec_per_capita,hydro_electricity,hydro_energy_per_capita,hydro_share_elec,hydro_share_energy,low_carbon_cons_change_pct,low_carbon_cons_change_twh,low_carbon_consumption,low_carbon_elec_per_capita,low_carbon_electricity,low_carbon_energy_per_capita,low_carbon_share_elec,low_carbon_share_energy,net_elec_imports,net_elec_imports_share_demand,nuclear_cons_change_pct,nuclear_cons_change_twh,nuclear_consumption,nuclear_elec_per_capita,nuclear_electricity,nuclear_energy_per_capita,nuclear_share_elec,nuclear_share_energy,oil_cons_change_pct,oil_cons_change_twh,oil_consumption,oil_elec_per_capita,oil_electricity,oil_energy_per_capita,oil_prod_change_pct,oil_prod_change_twh,oil_prod_per_capita,oil_production,oil_share_elec,oil_share_energy,other_renewable_consumption,other_renewable_electricity,other_renewable_exc_biofuel_electricity,other_renewables_cons_change_pct,other_renewables_cons_change_twh,other_renewables_elec_per_capita,other_renewables_elec_per_capita_exc_biofuel,other_renewables_energy_per_capita,other_renewables_share_elec,other_renewables_share_elec_exc_biofuel,other_renewables_share_energy,per_capita_electricity,population,primary_energy_consumption,renewables_cons_change_pct,renewables_cons_change_twh,renewables_consumption,renewables_elec_per_capita,renewables_electricity,renewables_energy_per_capita,renewables_share_elec,renewables_share_energy,solar_cons_change_pct,solar_cons_change_twh,solar_consumption,solar_elec_per_capita,solar_electricity,solar_energy_per_capita,solar_share_elec,solar_share_energy,wind_cons_change_pct,wind_cons_change_twh,wind_consumption,wind_elec_per_capita,wind_electricity,wind_energy_per_capita,wind_share_elec,wind_share_energy
ARG,Argentina,South America,Latin America and Caribbean,Americas,Latin America & Caribbean ,Latin America & Caribbean (excluding high income),Upper middle income,IBRD,-58.4173,-34.6118,South America,Latin America and Caribbean,Americas,Latin America & Caribbean ,Latin America & Caribbean (excluding high income),Upper middle income,IBRD,Other Entities,2019,2736690.0,2.137,0.376,401.292,17.97,14.515,0.65,0.491,1.914,351.351,-40.741,-5.585,181.417,8.124,26.574,1.19,0.0,,,,0.898,0.865,143.15,132.46,-5.818,-58.016,20970.785,,-7.194,-61.432,2026.544,90.75,17698.047,792.53,68.511,84.394,-4.404,-21.448,465.595,1929.18,86.39,10397.233,5.556,21.904,9293.253,416.158,65.22,49.58,451932356085.842,10056.637940265,1033557797795.68,22999.2750525577,46.54,-11.328,-11.725,91.785,610.308,27.33,2049.667,20.633,9.774,2.386,3.416,146.556,931.429,41.71,3272.755,31.489,15.606,10.69,7.468,22.408,3.827,20.907,177.085,7.93,466.869,5.987,2.226,-9.739,-34.4,318.811,70.789,3.17,7119.397,4.693,15.032,7488.702,335.349,2.393,33.949,1.543,0.65,0.0,31.212,0.367,14.515,0.0,34.447,0.491,0.0,0.164,2957.972,44938712.0,939.086,-0.326,-0.411,125.649,754.343,33.78,2805.886,25.502,13.38,636.844,1.711,1.98,17.865,0.8,44.221,0.604,0.211,252.332,8.86,12.371,111.655,5.0,276.26,3.775,1.317
AUS,Australia,Oceania,Oceania,Western Pacific,East Asia & Pacific,,High income,Not classified,149.129,-35.282,Oceania,Oceania,Western Pacific,East Asia & Pacific,,High income,Not classified,Other Entities,2019,7692020.0,-7.018,-0.118,61.956,1.561,130.142,3.28,1.311,0.096,588.108,-4.22,-21.472,19334.678,487.295,5623.095,141.72,0.921,33.498,145611.576,3669.878,56.629,29.849,250.26,250.26,3.159,49.998,64774.684,,2.479,36.135,7891.061,198.88,59274.607,1493.91,79.469,91.509,17.487,62.648,420.91,2090.608,52.69,16700.659,13.596,171.332,56797.954,1431.49,21.054,25.783,1391952510370.48,54875.2859563351,1312636660762.97,51748.3977215322,147.18,-18.898,-8.143,34.949,616.588,15.54,1386.69,6.21,2.141,11.112,13.863,138.621,2038.63,51.38,5500.129,20.531,8.491,0.0,0.0,,0.0,0.0,0.0,0.0,0.0,0.0,0.0,-0.853,-5.041,585.704,177.358,4.47,23239.271,31.129,53.194,8890.799,224.077,1.786,35.877,8.587,3.28,0.0,-3.712,-0.331,130.142,0.0,340.705,1.311,0.0,0.526,9929.691,25365745.0,1632.529,11.112,13.863,138.621,2038.63,51.38,5500.129,20.531,8.491,47.816,14.656,45.307,589.211,14.85,1797.682,5.934,2.775,19.296,7.799,48.216,702.689,17.71,1913.096,7.077,2.953
AUT,Austria,Europe,Europe and Northern America,Europe,Europe & Central Asia,,High income,Not classified,16.3798,48.2201,Europe,Europe and Northern America,Europe,Europe & Central Asia,,High income,Not classified,Other Entities,2019,82520.0,0.591,0.034,653.44,5.852,520.373,4.66,6.576,1.407,160.457,2.301,0.743,3688.177,33.028,167.502,1.5,,,,,2.117,7.94,73.99,70.86,4.741,18.827,46449.948,,3.199,8.538,1811.257,16.22,30759.648,275.456,22.89,66.221,2.458,2.135,89.004,1264.083,11.32,9938.962,,,,,15.975,21.397,445011872704.47,50114.4011099728,515713331248.954,58076.348801448,11.37,7.089,6.632,100.176,4559.409,40.83,11186.495,57.621,24.083,7.901,10.289,140.509,6101.546,54.64,15690.338,77.11,33.779,3.13,4.23,,0.0,0.0,0.0,0.0,0.0,0.0,0.0,3.83,5.66,153.423,379.672,3.4,17132.509,,,,,4.798,36.884,11.75,4.66,0.0,-4.105,-0.503,520.373,0.0,1312.148,6.576,0.0,2.825,7912.802,8879920.0,415.964,7.901,10.289,140.509,6101.546,54.64,15690.338,77.11,33.779,16.54,0.598,4.215,189.836,1.7,470.654,2.399,1.013,23.537,3.528,18.516,831.927,7.45,2067.6,10.514,4.451
BDI,Burundi,Africa,Sub-Saharan Africa,Africa,Sub-Saharan Africa ,Sub-Saharan Africa (excluding high income),Low income,IDA,29.3639,-3.3784,Africa,Sub-Saharan Africa,Africa,Sub-Saharan Africa ,Sub-Saharan Africa (excluding high income),Low income,IDA,Other Entities,2019,25680.0,,,,,0.867,0.01,2.778,,250.0,,,,,0.0,0.0,,,,,0.0,,0.46,0.36,9.977,0.333,318.749,,,,10.407,0.12,,,33.333,,,,,0.0,0.0,,,,,,0.0,,2631434363.22693,228.213589244227,9033653418.07496,783.451983198669,0.09,,,,19.08,0.22,,61.111,,,,,20.814,0.24,,66.667,,0.1,21.739,,,,0.0,0.0,,0.0,,,,,10.407,0.12,,,,,,33.333,,,0.01,0.0,,,0.867,0.0,,2.778,0.0,,31.221,11530577.0,3.675,,,,20.814,0.24,,66.667,,,,,0.867,0.01,,2.778,,,,,0.0,0.0,,0.0,
BEL,Belgium,Europe,Europe and Northern America,Europe,Europe & Central Asia,,High income,Not classified,4.36761,50.8371,Europe,Europe and Northern America,Europe,Europe & Central Asia,,High income,Not classified,Other Entities,2019,30280.0,0.324,0.017,469.694,5.42,447.166,5.16,5.59,0.731,186.241,0.148,0.053,3133.438,36.158,7.799,0.09,,,,,0.098,4.88,90.45,92.3,3.106,22.318,64210.141,,-3.352,-20.095,2540.876,29.32,50212.968,579.424,31.766,78.201,3.019,5.094,173.835,2213.301,25.54,15064.583,,,,,27.671,23.461,535288715239.999,46591.4916067396,623501361331.917,54269.5140327442,17.19,-4.023,-0.031,0.748,25.998,0.3,64.806,0.325,0.101,35.609,42.413,161.519,5457.858,62.98,13997.225,68.234,21.799,-1.85,-2.045,51.635,36.699,107.774,3771.451,43.52,9339.709,47.151,14.546,-6.396,-25.243,369.431,319.776,3.69,32014.947,,,,,3.998,49.86,12.978,5.16,0.0,-4.556,-0.619,447.166,0.0,1124.642,5.59,0.0,1.752,7998.734,11488980.0,740.942,11.894,5.713,53.745,1686.407,19.46,4657.516,21.083,7.254,8.415,0.816,10.516,368.306,4.25,911.362,4.605,1.419,29.808,5.53,24.083,844.937,9.75,2087.012,10.563,3.25
BGD,Bangladesh,Asia,Central and Southern Asia,South-East Asia,South Asia,South Asia,Lower middle income,IDA,90.4113,23.7055,Asia,Central and Southern Asia,South-East Asia,South Asia,South Asia,Lower middle income,IDA,Other Entities,2019,130170.0,,,,,0.184,0.03,0.038,,536.181,61.911,14.739,236.405,38.545,19.136,3.12,0.0,,,,3.92,8.464,86.39,79.6,11.893,48.402,2792.993,,11.96,48.333,480.661,78.37,2775.07,452.465,98.455,99.358,12.78,35.054,309.344,368.117,60.02,1897.279,-4.881,-12.973,1550.753,252.844,75.402,67.93,302571320445.75,1855.74009422319,807854957463.322,4954.76184812582,42.68,-5.241,-0.113,2.038,5.029,0.82,12.5,1.03,0.448,2.394,0.068,2.923,7.544,1.23,17.925,1.545,0.642,6.79,7.86,,0.0,0.0,0.0,0.0,0.0,0.0,0.0,-1.376,-1.459,104.576,93.409,15.23,641.387,0.0,,,,19.133,22.964,0.007,0.03,0.0,-0.389,-0.0,0.184,0.0,0.044,0.038,0.0,0.002,488.205,163046173.0,455.387,2.394,0.068,2.923,7.544,1.23,17.925,1.545,0.642,26.494,0.181,0.865,2.269,0.37,5.304,0.465,0.19,-0.44,-0.0,0.013,0.061,0.01,0.077,0.013,0.003
BGR,Bulgaria,Europe,Europe and Northern America,Europe,Europe & Central Asia,Europe & Central Asia (excluding high income),Upper middle income,IBRD,23.3238,42.7105,Europe,Europe and Northern America,Europe,Europe & Central Asia,Europe & Central Asia (excluding high income),Upper middle income,IBRD,Other Entities,2019,108560.0,,,,,259.996,1.82,4.153,,369.694,-6.893,-4.374,8438.948,59.074,2457.102,17.2,-7.437,-4.557,8103.072,56.722,39.251,28.531,38.01,43.82,-3.448,-7.395,29578.285,,-2.577,-3.843,2821.381,19.75,20756.213,145.296,45.071,70.174,-6.353,-1.921,28.309,307.138,2.15,4044.043,0.0,,,,4.906,13.672,68915416141.9576,9879.26853313318,170889592876.083,24497.6272661983,16.2,-42.586,-5.447,7.344,418.564,2.93,1049.121,6.686,3.547,-5.885,-3.733,59.706,3438.514,24.07,8529.263,54.929,28.836,-5.81,-15.285,2.288,0.917,40.995,2365.675,16.56,5856.265,37.791,19.799,4.42,2.451,57.913,57.142,0.4,8273.223,0.0,,,,0.913,27.971,4.534,1.82,0.0,14.588,0.577,259.996,0.0,647.733,4.153,0.0,2.19,6259.895,6975761.0,207.051,-19.906,-4.65,18.711,1072.839,7.51,2672.998,17.138,9.037,7.031,0.235,3.572,205.711,1.44,510.269,3.286,1.725,-0.454,-0.015,3.261,188.568,1.32,465.875,3.012,1.575
BOL,Bolivia,South America,Latin America and Caribbean,Americas,Latin America & Caribbean ,Latin America & Caribbean (excluding high income),Lower middle income,IBRD,-66.1936,-13.9908,South America,Latin America and Caribbean,Americas,Latin America & Caribbean ,Latin America & Caribbean (excluding high income),Lower middle income,IBRD,Other Entities,2019,1083300.0,,,,,45.166,0.52,5.205,,315.315,,,,,0.0,0.0,,,,,0.0,,9.99,9.99,-2.44,-2.287,7940.383,,,,520.277,5.99,,,59.96,,,,,520.277,5.99,,-12.243,-20.857,12985.504,149.503,59.96,,40895322843.7851,3552.06814321502,104693606216.901,9093.43165872246,3.15,,,,279.681,3.22,,32.232,,,,,347.43,4.0,,40.04,,0.0,0.0,,,,0.0,0.0,,0.0,,,,,0.0,0.0,,0.0,,,,0.0,,,0.52,0.0,,,45.166,0.0,,5.205,0.0,,867.707,11513102.0,91.418,,,,347.43,4.0,,40.04,,,,,16.503,0.19,,1.902,,,,,6.08,0.07,,0.701,
BRA,Brazil,South America,Latin America and Caribbean,Americas,Latin America & Caribbean ,Latin America & Caribbean (excluding high income),Upper middle income,IBRD,-47.9292,-15.7801,South America,Latin America and Caribbean,Americas,Latin America & Caribbean ,Latin America & Caribbean (excluding high income),Upper middle income,IBRD,Other Entities,2019,8358140.0,11.062,25.954,1234.697,260.582,248.236,52.39,8.525,7.552,124.612,-5.711,-10.904,853.044,180.034,110.543,23.33,-8.395,-2.304,119.139,25.144,3.796,5.218,639.51,614.55,2.512,84.562,16348.695,,0.659,12.272,428.288,90.39,8877.2,1873.529,14.708,54.299,-0.439,-1.574,357.333,273.206,57.66,1693.128,2.322,5.842,1219.928,257.465,9.382,10.356,1877824273720.78,8897.55296585529,3247679577278.91,15388.234915991,76.58,1.912,18.489,985.231,1866.387,393.9,4668.243,64.096,28.554,4.805,72.29,1576.858,2483.588,524.16,7471.508,85.292,45.701,24.96,3.903,2.523,0.983,39.938,72.116,15.22,189.238,2.477,1.158,1.887,24.751,1336.16,44.539,9.4,6331.029,7.525,122.71,8308.508,1753.507,1.53,38.725,135.996,52.39,0.0,0.618,0.835,248.236,0.0,644.38,8.525,0.0,3.941,2911.876,211049519.0,3450.384,4.865,71.307,1536.92,2411.472,508.94,7282.27,82.815,44.543,91.54,7.875,16.478,31.557,6.66,78.077,1.084,0.478,15.068,18.153,138.633,265.293,55.99,656.873,9.111,4.018
CAN,Canada,North America,Europe and Northern America,Americas,North America,,High income,Not classified,-75.6919,45.4215,North America,Europe and Northern America,Americas,North America,,High income,Not classified,Other Entities,2019,8965590.0,5.626,1.375,689.832,25.807,259.816,9.72,1.534,0.643,133.531,-2.772,-5.027,4712.607,176.303,1212.209,45.35,-6.803,-23.09,8455.414,316.326,7.156,4.392,586.7,633.71,0.087,3.504,107301.097,,0.832,22.139,3053.911,114.25,71709.519,2682.728,18.029,66.83,1.222,14.23,1178.442,1759.374,65.82,31499.878,-4.407,-77.904,45170.049,1689.858,10.386,29.357,1742015045482.31,46328.6718408497,1853711000627.98,49299.21177121,84.62,-1.976,-18.951,940.143,10103.435,377.98,25130.101,59.646,23.42,-1.38,-18.635,1331.521,13885.206,519.46,35591.663,81.971,33.17,-47.01,-8.013,0.092,0.229,248.845,2535.348,94.85,6651.646,14.967,6.199,0.984,12.936,1327.98,82.329,3.08,35497.035,2.218,66.49,81902.694,3064.065,0.486,33.082,25.411,9.89,0.17,-3.011,-0.789,264.36,4.544,679.238,1.561,0.027,0.633,16939.117,37601230.0,4014.246,-1.713,-18.864,1082.676,11349.858,424.61,28940.018,67.004,26.971,10.652,1.005,10.442,109.059,4.08,279.119,0.644,0.26,-1.826,-1.504,80.872,873.004,32.66,2161.728,5.154,2.015
CHL,Chile,South America,Latin America and Caribbean,Americas,Latin America & Caribbean ,,High income,IBRD,-70.6475,-33.475,South America,Latin America and Caribbean,Americas,Latin America & Caribbean ,,High income,IBRD,Other Entities,2019,743532.0,,,,,92.866,1.76,2.195,,404.765,0.604,0.523,4595.002,87.085,962.43,18.24,,,,,22.752,18.611,80.17,80.17,2.476,11.304,24689.814,,2.633,9.325,2453.562,46.5,19178.412,363.47,58.002,77.677,15.548,8.764,65.131,892.252,16.91,3436.604,,,,,21.093,13.919,279385487344.492,14741.7144039936,481296362634.805,25395.4977729202,32.45,-8.583,-4.984,53.091,1090.648,20.67,2801.331,25.783,11.346,1.931,1.979,104.453,1776.59,33.67,5511.421,41.998,22.323,0.0,0.0,,0.0,0.0,0.0,0.0,0.0,0.0,0.0,0.018,0.038,211.254,598.88,11.35,11146.806,,,,,14.157,45.147,23.639,1.96,0.2,3.867,0.88,103.419,10.553,1247.325,2.445,0.249,5.052,4230.152,18952035.0,467.922,1.931,1.979,104.453,1776.59,33.67,5511.421,41.998,22.323,22.628,2.879,15.601,323.976,6.14,823.169,7.659,3.334,35.934,3.204,12.122,258.547,4.9,639.596,6.112,2.591
CHN,China,Asia,Eastern and South-Eastern Asia,Western Pacific,East Asia & Pacific,East Asia & Pacific (excluding high income),Upper middle income,IBRD,116.286,40.0495,Asia,Eastern and South-Eastern Asia,Western Pacific,East Asia & Pacific,East Asia & Pacific (excluding high income),Upper middle income,IBRD,Other Entities,2019,9424702.9,12.958,4.338,26.373,37.813,78.617,112.72,1.512,0.096,559.811,0.837,188.679,15845.612,22719.163,3382.449,4849.7,3.754,801.489,15451.729,22154.439,65.042,57.586,7439.41,7456.21,3.236,1236.708,27516.3,,2.053,675.055,3552.105,5092.95,23408.474,33562.691,68.305,85.071,8.612,244.519,3083.768,162.158,232.5,2150.792,9.999,161.41,1238.4,1775.598,3.118,7.816,14279937467431.0,10143.8381719921,23443654490268.2,16653.338843518,4174.07,5.752,171.39,3151.082,887.54,1272.54,2197.739,17.067,7.987,10.541,561.654,5889.765,1648.269,2363.262,4107.848,31.695,14.929,-16.8,-0.226,17.768,130.27,863.457,243.203,348.7,602.223,4.677,2.189,3.217,241.858,7759.733,7.498,10.75,5412.07,1.009,22.19,1549.392,2221.493,0.144,19.669,279.129,112.724,,19.829,46.189,78.62,,194.68,1.512,,0.708,5200.373,1407745000.0,39452.425,9.388,431.384,5026.308,1405.067,2014.562,3505.625,27.019,12.74,26.158,115.009,554.673,156.23,224.0,386.86,3.004,1.406,10.39,94.459,1003.611,282.679,405.3,699.974,5.436,2.544
COL,Colombia,South America,Latin America and Caribbean,Americas,Latin America & Caribbean ,Latin America & Caribbean (excluding high income),Upper middle income,IBRD,-74.082,4.60987,South America,Latin America and Caribbean,Americas,Latin America & Caribbean ,Latin America & Caribbean (excluding high income),Upper middle income,IBRD,Other Entities,2019,1109500.0,0.869,0.083,191.865,9.658,23.044,1.16,1.541,1.822,178.557,24.359,11.074,1123.115,56.537,117.602,5.92,0.07,0.471,13385.344,673.811,7.865,10.663,75.58,75.27,3.128,16.081,10532.973,,6.035,21.625,395.714,19.92,7548.137,379.969,26.465,71.662,1.789,2.363,134.464,264.604,13.32,2671.157,2.624,3.374,2620.985,131.939,17.696,25.36,323429888934.257,6424.9794924083,789757065676.292,15688.6333779317,13.44,-4.77,-6.716,134.074,1072.519,53.99,2663.394,71.728,25.286,-3.558,-5.544,150.255,1099.535,55.35,2984.844,73.535,28.338,0.31,0.41,,0.0,0.0,0.0,0.0,0.0,0.0,0.0,4.529,8.187,188.967,13.508,0.68,3753.866,2.351,12.465,10779.068,542.612,0.903,35.639,6.041,1.16,0.0,14.714,0.775,23.044,0.0,120.015,1.541,0.0,1.139,1495.249,50339443.0,530.224,-3.558,-5.544,150.255,1099.535,55.35,2984.844,73.535,28.338,989.533,0.295,0.325,2.781,0.14,6.455,0.186,0.061,13.806,0.019,0.157,1.192,0.06,3.115,0.08,0.03
DEU,Germany,Europe,Europe and Northern America,Europe,Europe & Central Asia,,High income,Not classified,13.4115,52.5235,Europe,Europe and Northern America,Europe,Europe & Central Asia,,High income,Not classified,Other Entities,2019,349380.0,-1.705,-0.558,385.073,32.16,600.237,50.13,8.362,0.887,361.574,-22.62,-182.472,7474.142,624.218,2052.874,171.45,-24.779,-108.88,3957.608,330.528,28.599,17.218,566.82,599.49,-2.863,-106.845,43408.366,,-4.948,-146.055,3401.581,284.09,33595.867,2805.828,47.389,77.395,3.304,28.364,886.871,1088.64,90.92,10619.048,-3.808,-2.11,638.284,53.308,15.166,24.463,3888326788627.44,46794.8992915603,4624363265512.61,55652.8874913932,216.76,11.921,5.326,50.001,236.239,19.73,598.687,3.291,1.379,5.025,39.209,819.514,3776.474,315.4,9812.534,52.611,22.605,-32.67,-5.764,-1.593,-3.009,185.893,898.858,75.07,2225.806,12.522,5.128,0.626,8.054,1294.737,260.067,21.72,15502.677,0.0,,,,3.623,35.714,124.843,50.33,0.2,-1.66,-2.107,602.631,2.395,1494.816,8.395,0.033,3.444,7178.055,83092962.0,3625.339,7.139,42.218,633.621,2877.616,240.33,7586.728,40.089,17.478,0.954,1.086,114.877,531.389,44.38,1375.488,7.403,3.169,14.078,38.471,311.741,1507.357,125.89,3732.664,21.0,8.599
DNK,Denmark,Europe,Europe and Northern America,Europe,Europe & Central Asia,,High income,Not classified,12.5681,55.6763,Europe,Europe and Northern America,Europe,Europe & Central Asia,,High income,Not classified,Other Entities,2019,40000.0,,,,,1030.86,5.95,20.156,,205.285,-43.001,-7.979,1832.468,10.577,573.47,3.31,,,,,11.213,5.626,35.33,29.52,-2.933,-5.682,32572.68,,-8.298,-11.544,1115.755,6.44,22104.053,127.582,21.816,67.861,-7.152,-2.232,28.978,363.833,2.1,5020.516,-25.396,-10.902,5548.553,32.026,7.114,15.413,347561349210.979,59775.7350964515,341312238517.289,58700.9746656312,6.06,15.423,0.006,0.043,3.465,0.02,7.386,0.068,0.023,10.988,5.711,57.681,3998.699,23.08,9993.44,78.184,30.68,5.81,16.445,,0.0,0.0,0.0,0.0,0.0,0.0,0.0,-1.492,-1.333,88.027,178.451,1.03,15251.07,-11.15,-7.323,10109.438,58.35,3.489,46.822,15.262,5.95,0.0,1.661,0.249,1030.86,0.0,2644.286,20.156,0.0,8.118,5114.454,5814422.0,188.006,10.988,5.711,57.681,3998.699,23.08,9993.44,78.184,30.68,0.708,0.017,2.385,166.324,0.96,413.256,3.252,1.269,15.741,5.439,39.991,2798.05,16.15,6928.511,54.709,21.271
ECU,Ecuador,South America,Latin America and Caribbean,Americas,Latin America & Caribbean ,Latin America & Caribbean (excluding high income),Upper middle income,IBRD,-78.5243,-0.229498,South America,Latin America and Caribbean,Americas,Latin America & Caribbean ,Latin America & Caribbean (excluding high income),Upper middle income,IBRD,Other Entities,2019,248360.0,,,,,82.884,1.44,4.544,,146.734,,0.0,0.0,0.0,0.0,0.0,,,,,0.0,0.0,29.87,31.69,2.484,5.011,11899.61,,-3.429,-5.102,328.083,5.7,8269.471,143.671,17.987,69.494,-10.631,-0.752,6.321,71.372,1.24,363.799,0.0,,,,3.913,3.057,108108009000.0,6222.52465327248,205903294944.802,11851.4654079335,4.65,18.838,9.681,61.074,1405.576,24.42,3515.328,77.059,29.542,19.097,10.074,62.824,1495.943,25.99,3616.053,82.013,30.388,-1.82,-6.093,,0.0,0.0,0.0,0.0,0.0,0.0,0.0,-3.07,-4.35,137.35,256.711,4.46,7905.673,2.661,8.579,19051.589,330.996,14.074,66.436,1.126,1.44,0.0,5.86,0.062,82.884,0.0,64.81,4.544,0.0,0.545,1824.026,17373657.0,206.74,19.097,10.074,62.824,1495.943,25.99,3616.053,82.013,30.388,335.508,0.318,0.412,2.302,0.04,23.724,0.126,0.199,6.172,0.012,0.212,5.18,0.09,12.19,0.284,0.102
EGY,Egypt,Africa,Northern Africa and Western Asia,Eastern Mediterranean,Middle East & North Africa,Middle East & North Africa (excluding high income),Lower middle income,IBRD,31.2461,30.0982,Africa,Northern Africa and Western Asia,Eastern Mediterranean,Middle East & North Africa,Middle East & North Africa (excluding high income),Lower middle income,IBRD,Other Entities,2019,995450.0,,,,,0.0,0.0,0.0,,474.78,-8.118,-2.027,228.521,22.941,0.0,0.0,,,,,0.0,2.138,182.7,182.99,0.22,2.355,10686.491,,-0.557,-5.739,1650.993,165.74,10201.005,1024.059,90.573,95.457,-1.089,-6.492,589.454,1400.764,140.62,5871.756,10.896,63.804,6468.766,649.387,76.846,54.946,303080865603.645,3019.09228346646,1230830145121.9,12260.7205373863,86.88,2.751,0.876,32.72,120.433,12.09,325.935,6.607,3.05,19.916,8.095,48.738,171.833,17.25,485.495,9.427,4.543,-0.29,-0.159,,0.0,0.0,0.0,0.0,0.0,0.0,0.0,0.68,2.78,411.664,250.229,25.12,4100.728,-3.142,-12.002,3685.433,369.974,13.728,38.373,0.0,0.0,0.0,,0.0,0.0,0.0,0.0,0.0,0.0,0.0,1822.826,100388076.0,1072.796,19.916,8.095,48.738,171.833,17.25,485.495,9.427,4.543,245.336,3.372,4.746,14.643,1.47,47.281,0.803,0.442,51.807,3.847,11.271,36.757,3.69,112.278,2.017,1.051
ESP,Spain,Europe,Europe and Northern America,Europe,Europe & Central Asia,,High income,Not classified,-3.70327,40.4167,Europe,Europe and Northern America,Europe,Europe & Central Asia,,High income,Not classified,Other Entities,2019,499603.479,-0.202,-0.039,416.865,19.483,119.178,5.57,2.056,1.253,243.494,-66.144,-85.021,931.145,43.519,275.158,12.86,105.358,9.428,393.205,18.377,4.747,2.8,277.75,270.89,-3.373,-54.25,33256.298,,-3.321,-39.577,2386.771,111.55,24648.531,1151.993,41.179,74.117,14.215,44.772,359.745,1791.095,83.71,7697.257,0.0,,,,30.902,23.145,1393046093137.25,29554.4905170087,1965293955067.71,41695.1469476327,65.96,-34.749,-29.653,55.68,527.422,24.65,1191.362,9.1,3.582,-3.519,-14.673,402.301,3409.306,159.34,8607.794,58.821,25.883,6.86,2.47,4.118,5.707,144.307,1248.481,58.35,3087.655,21.54,9.284,0.09,0.672,748.729,320.518,14.98,16020.129,0.0,,,,5.53,48.172,13.959,5.59,0.02,-9.056,-1.39,119.606,0.428,298.664,2.064,0.007,0.898,5796.078,47134837.0,1554.292,-7.321,-20.38,257.994,2160.825,100.99,5520.139,37.281,16.599,18.115,5.738,37.411,323.086,15.1,800.471,5.574,2.407,3.924,4.964,131.46,1190.711,55.65,2812.777,20.543,8.458
FRA,France,Europe,Europe and Northern America,Europe,Europe & Central Asia,,High income,Not classified,2.35097,48.8566,Europe,Europe and Northern America,Europe,Europe & Central Asia,,High income,Not classified,Other Entities,2019,547557.0,4.13,1.356,524.823,34.182,132.658,8.64,1.527,1.272,68.536,-21.863,-20.827,1142.841,74.433,55.888,3.64,,,,,0.643,2.77,508.02,565.69,-2.126,-58.348,41252.443,,-1.404,-19.708,821.437,53.5,21255.973,1384.396,9.457,51.527,1.923,8.237,436.62,603.565,39.31,6703.863,,,,,6.949,16.251,2728870246705.88,40578.6442850534,3300063763854.41,49072.3638300842,38.77,-12.665,-20.118,138.737,873.794,56.91,2130.162,10.06,5.164,-2.881,-38.64,1302.367,7864.15,512.19,19996.503,90.543,48.473,-57.67,-11.352,-3.73,-38.278,988.04,6126.388,399.01,15170.335,70.535,36.774,-0.808,-7.118,873.341,161.984,10.55,13409.269,,,,,1.865,32.505,26.604,9.25,0.61,1.462,0.383,142.024,9.366,408.483,1.635,0.108,0.99,8685.588,67248926.0,2686.761,-0.115,-0.362,314.327,1737.762,113.18,4826.168,20.007,11.699,12.414,3.212,29.089,187.779,12.23,446.631,2.162,1.083,20.879,14.805,85.715,534.165,34.79,1316.069,6.15,3.19
GBR,United Kingdom,Europe,Europe and Northern America,Europe,Europe & Central Asia,,High income,Not classified,-0.126236,51.5002,Europe,Europe and Northern America,Europe,Europe & Central Asia,,High income,Not classified,Other Entities,2019,241930.0,27.847,4.154,282.406,19.071,552.198,37.29,11.593,0.889,266.159,-31.467,-27.746,894.847,60.429,102.028,6.89,-14.426,-2.957,259.735,17.54,2.142,2.815,342.82,321.65,-2.767,-61.083,31784.327,,-3.845,-67.561,2147.04,144.99,25022.676,1689.786,45.077,78.726,-2.812,-22.367,773.033,1933.654,130.58,11447.236,-2.899,-11.801,5854.454,395.352,40.597,36.015,2878673912414.44,43070.4983595888,3277751294222.3,49041.4635475451,85.61,8.616,1.166,14.696,87.813,5.93,217.619,1.844,0.685,1.439,6.478,456.617,2616.016,176.66,6761.677,54.923,21.274,21.17,6.175,-13.966,-22.585,139.124,831.924,56.18,2060.171,17.466,6.482,-1.997,-17.448,856.322,111.358,7.52,12680.593,1.862,11.017,8924.011,602.64,2.338,39.896,92.432,37.3,0.01,6.369,5.535,552.346,0.148,1368.745,11.596,0.003,4.306,4763.056,66836327.0,2146.401,10.076,29.063,317.493,1784.092,120.48,4701.506,37.457,14.792,1.059,0.335,31.988,191.322,12.92,473.684,4.017,1.49,12.637,17.873,159.307,952.611,64.33,2359.051,20.0,7.422
GRC,Greece,Europe,Europe and Northern America,Europe,Europe & Central Asia,,High income,Not classified,23.7166,37.9792,Europe,Europe and Northern America,Europe,Europe & Central Asia,,High income,Not classified,Other Entities,2019,128900.0,,,,,38.192,0.4,0.824,,445.428,13.295,7.07,5752.249,60.246,1157.212,12.12,19.947,9.917,5693.716,59.633,24.959,18.183,58.5,48.56,5.372,16.892,31635.945,,6.219,16.938,3101.174,32.48,27621.587,289.293,66.886,87.311,9.784,4.619,51.825,1384.453,14.5,4948.201,0.0,,,,29.86,15.641,205144152830.847,19133.7577636254,325467199371.978,30356.2663953863,21.63,-31.001,-4.425,9.849,380.008,3.98,940.42,8.196,2.973,-0.825,-0.331,39.804,1535.31,16.08,3800.463,33.114,12.013,9.94,16.991,,0.0,0.0,0.0,0.0,0.0,0.0,0.0,3.053,5.25,177.223,559.51,5.86,16921.137,0.0,,,,12.068,53.487,0.996,0.4,0.0,27.534,0.215,38.192,0.0,95.05,0.824,0.0,0.3,4636.485,10721582.0,331.338,-0.825,-0.331,39.804,1535.31,16.08,3800.463,33.114,12.013,16.396,1.545,10.966,422.974,4.43,1047.024,9.123,3.31,14.909,2.335,17.993,694.136,7.27,1717.969,14.971,5.43
HUN,Hungary,Europe,Europe and Northern America,Europe,Europe & Central Asia,,High income,Not classified,19.0408,47.4984,Europe,Europe and Northern America,Europe,Europe & Central Asia,,High income,Not classified,Other Entities,2019,91260.0,,,,,230.261,2.23,6.522,,254.168,-13.436,-3.314,2204.653,21.351,416.121,4.03,-21.849,-3.23,1193.05,11.554,11.787,7.846,46.77,34.19,1.305,3.505,28100.379,,-0.037,-0.081,1362.977,13.2,22496.365,217.87,38.608,80.057,2.303,2.216,98.44,898.326,8.7,10164.515,0.0,,,,25.446,36.172,163526491433.29,16735.6597794761,327479221871.952,33514.9417935891,8.69,-1.715,-0.009,0.542,22.716,0.22,55.995,0.643,0.199,7.168,3.474,51.939,2167.341,20.99,5362.974,61.392,19.085,12.58,26.898,3.146,1.23,40.333,1682.038,16.29,4164.582,47.646,14.82,1.048,1.017,98.079,48.53,0.47,10127.197,0.0,,,,1.375,36.039,5.552,2.25,0.02,-3.26,-0.187,232.326,2.065,573.244,6.581,0.058,2.04,3530.318,9771141.0,272.143,23.964,2.244,11.606,485.303,4.7,1198.391,13.747,4.265,137.119,2.144,3.707,154.884,1.5,382.759,4.387,1.362,19.656,0.297,1.805,75.377,0.73,186.394,2.135,0.663
IDN,Indonesia,Asia,Eastern and South-Eastern Asia,South-East Asia,East Asia & Pacific,East Asia & Pacific (excluding high income),Lower middle income,IBRD,106.83,-6.19752,Asia,Eastern and South-Eastern Asia,South-East Asia,East Asia & Pacific,East Asia & Pacific (excluding high income),Lower middle income,IBRD,Other Entities,2019,1877519.0,69.163,24.239,219.071,59.286,53.025,14.35,5.147,2.466,662.578,20.28,159.903,3504.399,948.379,644.765,174.49,10.468,400.129,15603.106,4222.599,62.582,39.455,280.5,278.82,7.238,162.229,8882.066,,6.489,138.122,914.141,247.39,8375.437,2266.607,88.727,94.296,-1.366,-6.083,439.203,230.281,62.32,1622.918,-7.168,-52.182,2497.304,675.834,22.351,18.272,1119091259074.62,4135.20153132694,3331807553957.09,12311.5032732923,184.74,-2.035,-0.851,40.972,61.155,16.55,151.396,5.936,1.705,21.333,24.107,137.109,116.131,31.428,506.637,11.272,5.704,1.68,0.599,,0.0,0.0,0.0,0.0,0.0,0.0,0.0,-1.754,-15.698,879.024,39.095,10.58,3248.12,-3.403,-15.644,1640.715,444.02,3.795,36.569,35.524,14.346,,-0.258,-0.092,53.011,,131.266,5.145,,1.478,1030.28,270625567.0,2403.714,21.333,24.107,137.109,116.131,31.428,506.637,11.272,5.704,169.139,0.084,0.134,0.185,0.05,0.494,0.018,0.006,155.465,0.726,1.194,1.774,0.48,4.41,0.172,0.05
IND,India,Asia,Central and Southern Asia,South-East Asia,South Asia,South Asia,Lower middle income,IBRD,77.225,28.6353,Asia,Central and Southern Asia,South-East Asia,South Asia,South Asia,Lower middle income,IBRD,Other Entities,2019,2973190.0,15.233,3.11,17.215,23.524,21.714,29.67,1.85,0.25,637.414,0.054,2.769,3780.705,5166.018,866.887,1184.53,-1.584,-56.333,2560.719,3499.012,73.872,54.874,1599.78,1603.48,2.275,209.418,6889.742,,1.195,100.731,919.96,1257.05,6244.738,8532.921,78.395,90.638,1.998,11.604,592.503,49.377,67.47,433.618,-2.135,-5.869,196.909,269.06,4.208,6.294,2870504096717.77,2100.75146060805,9562005607605.22,6997.86398824082,1022.08,15.502,53.846,401.185,118.573,162.02,293.604,10.104,4.261,14.067,108.688,881.353,253.53,346.427,645.01,21.605,9.362,-3.7,-0.231,15.226,14.777,111.833,33.05,45.16,81.844,2.816,1.188,3.213,86.358,2774.393,3.696,5.05,2030.415,-4.881,-22.448,320.174,437.491,0.315,29.47,73.462,29.667,,8.572,5.8,21.712,,53.763,1.85,,0.78,1173.492,1366417756.0,9414.266,13.9,93.911,769.52,220.477,301.264,563.166,18.788,8.174,26.88,24.272,114.569,33.862,46.27,83.846,2.886,1.217,4.592,6.884,156.78,46.333,63.31,114.738,3.948,1.665
IRL,Ireland,Europe,Europe and Northern America,Europe,Europe & Central Asia,,High income,Not classified,-6.26749,53.3441,Europe,Europe and Northern America,Europe,Europe & Central Asia,,High income,Not classified,Other Entities,2019,68890.0,,,,,174.091,0.85,2.767,,335.286,-28.432,-4.664,2404.67,11.741,104.455,0.51,,,,,1.66,6.373,31.36,30.72,-0.209,-0.386,37730.27,,-2.919,-4.597,3875.066,18.92,31310.07,152.871,61.589,82.984,2.022,1.053,53.159,3258.578,15.91,10887.642,,,,,51.79,28.856,399122063504.148,80886.6157387104,431161114188.208,87379.6929656668,10.3,27.262,0.47,2.195,182.284,0.89,449.641,2.897,1.192,15.072,3.821,29.169,2416.796,11.8,5974.121,38.411,15.834,0.64,2.041,,0.0,0.0,0.0,0.0,0.0,0.0,0.0,-1.108,-0.986,87.972,512.033,2.5,18017.757,,,,,8.138,47.754,2.11,0.85,0.0,0.071,0.002,174.091,0.0,432.147,2.767,0.0,1.145,6291.861,4934340.0,184.218,15.072,3.821,29.169,2416.796,11.8,5974.121,38.411,15.834,27.71,0.011,0.053,8.193,0.04,10.828,0.13,0.029,15.542,3.337,24.81,2052.228,10.02,5081.504,32.617,13.468
IRN,Iran,Asia,Central and Southern Asia,Eastern Mediterranean,Middle East & North Africa,Middle East & North Africa (excluding high income),Lower middle income,IBRD,51.4447,35.6878,Asia,Central and Southern Asia,Eastern Mediterranean,Middle East & North Africa,Middle East & North Africa (excluding high income),Lower middle income,IBRD,Other Entities,2019,1628760.0,,,,,0.241,0.02,0.006,,490.496,3.927,0.781,249.257,20.667,8.081,0.67,0.0,,,,0.211,0.621,314.13,317.76,4.858,154.079,40112.955,,3.574,111.66,3386.646,280.8,39028.596,3236.013,88.369,97.297,1.746,38.339,2234.455,2389.467,198.12,26949.123,4.054,94.069,29117.138,2414.215,62.349,67.183,258245497664.394,3114.62275284063,1070680601853.69,12913.1628381469,155.86,153.315,43.407,71.719,362.665,30.07,864.982,9.463,2.156,89.319,42.419,89.911,445.764,36.96,1084.391,11.631,2.703,-3.63,-1.156,-7.238,-1.239,15.874,70.796,5.87,191.453,1.847,0.477,7.986,72.54,980.888,989.098,82.01,11830.217,-27.852,-708.298,22129.042,1834.805,25.809,29.492,0.061,0.02,0.0,-0.369,-0.0,0.241,0.0,0.73,0.006,0.0,0.002,3832.41,82913893.0,3325.921,143.71,43.658,74.037,374.967,31.09,892.937,9.784,2.226,27.707,0.153,0.704,5.307,0.44,8.491,0.138,0.021,6.768,0.098,1.553,6.754,0.56,18.735,0.176,0.047
ITA,Italy,Europe,Europe and Northern America,Europe,Europe & Central Asia,,High income,Not classified,12.4823,41.8955,Europe,Europe and Northern America,Europe,Europe & Central Asia,,High income,Not classified,Other Entities,2019,297730.0,-41.426,-6.619,154.573,9.359,322.873,19.55,6.71,0.523,352.051,-24.406,-25.033,1280.501,77.534,311.147,18.84,,,,,6.466,4.33,329.49,291.35,-1.899,-34.666,29575.646,,-2.003,-30.544,2898.757,175.52,24681.941,1494.494,60.244,83.454,2.278,15.765,707.906,2340.211,141.7,11691.257,-10.945,-5.679,763.211,46.212,48.636,39.53,2009383867307.45,33641.6337513622,2648041042436.58,44334.2003275855,102.57,-5.405,-6.559,114.789,764.986,46.32,1895.766,15.898,6.41,-1.372,-4.123,296.316,1912.962,115.83,4893.729,39.756,16.546,38.14,11.575,,0.0,0.0,0.0,0.0,0.0,0.0,0.0,-2.913,-21.276,709.052,247.398,14.98,11710.182,-8.66,-4.717,821.795,49.76,5.142,39.594,63.484,25.62,6.07,1.128,0.708,423.121,100.248,1048.455,8.794,2.083,3.545,4811.719,59729081.0,1790.808,-1.372,-4.123,296.316,1912.962,115.83,4893.729,39.756,16.546,4.184,2.356,58.659,391.246,23.69,968.766,8.131,3.276,13.61,5.993,50.025,333.608,20.2,826.168,6.933,2.793
JPN,Japan,Asia,Eastern and South-Eastern Asia,Western Pacific,East Asia & Pacific,,High income,Not classified,139.77,35.67,Asia,Eastern and South-Eastern Asia,Western Pacific,East Asia & Pacific,,High income,Not classified,Other Entities,2019,364500.0,,,,,249.093,31.6,3.2,,479.696,-1.731,-24.004,10740.909,1362.594,2380.02,301.93,-27.131,-1.822,38.571,4.893,30.575,26.704,987.5,987.5,-2.313,-120.828,40222.238,,-3.699,-171.972,5611.606,711.89,35295.567,4477.606,72.09,87.751,-6.557,-75.87,1081.212,2817.272,357.4,8522.86,0.0,,,,36.192,21.189,5148781948478.17,40777.6086970512,5380978414306.42,42616.5711388733,473.7,-9.54,-19.231,182.35,629.196,79.82,1437.408,8.083,3.574,9.004,51.226,620.141,2172.547,275.61,4888.374,27.91,12.153,0.0,0.0,33.169,40.482,162.529,517.735,65.68,1281.169,6.651,3.185,-3.424,-72.099,2033.797,414.314,52.56,16031.798,0.0,,,,5.323,39.858,79.626,53.49,21.89,6.325,4.736,421.645,172.552,627.665,5.417,2.217,1.56,7784.153,126264931.0,5102.605,2.404,10.745,457.611,1654.812,209.93,3607.206,21.259,8.968,15.9,24.546,178.924,543.511,68.95,1410.403,6.982,3.507,4.327,0.693,16.711,60.46,7.67,131.729,0.777,0.328
KOR,South Korea,Asia,Eastern and South-Eastern Asia,Western Pacific,East Asia & Pacific,,High income,Not classified,126.957,37.5323,Asia,Eastern and South-Eastern Asia,Western Pacific,East Asia & Pacific,,High income,Not classified,Other Entities,2019,97520.0,2.415,0.192,158.857,8.138,278.378,14.26,2.546,0.239,486.36,-5.198,-52.383,18650.286,955.366,4492.895,230.15,-9.667,-0.638,116.409,5.963,41.089,28.081,560.12,560.12,-1.461,-50.446,66415.723,,-2.856,-86.731,7532.213,385.84,57593.248,2950.233,68.885,86.716,-3.062,-17.702,560.338,2886.658,147.87,10938.706,,,,,26.4,16.47,1651422932447.77,31902.4169048194,2225803913777.2,42998.3882447659,272.42,-17.295,-1.444,6.905,53.684,2.75,134.804,0.491,0.203,8.73,36.286,451.937,3402.224,174.28,8822.527,31.115,13.284,0.0,0.0,8.888,29.493,361.304,2709.793,138.81,7053.235,24.782,10.62,-1.147,-16.647,1434.526,152.659,7.82,28004.256,,,,,1.396,42.165,36.775,17.02,2.76,-4.563,-1.758,332.258,53.88,717.897,3.039,0.493,1.081,10934.436,51764822.0,3402.167,8.103,6.793,90.633,692.431,35.47,1769.293,6.333,2.664,40.616,9.295,32.181,254.171,13.02,628.224,2.325,0.946,8.293,0.508,6.634,52.318,2.68,129.51,0.478,0.195
MEX,Mexico,North America,Latin America and Caribbean,Americas,Latin America & Caribbean ,Latin America & Caribbean (excluding high income),Upper middle income,IBRD,-99.1276,19.427,North America,Latin America and Caribbean,Americas,Latin America & Caribbean ,Latin America & Caribbean (excluding high income),Upper middle income,IBRD,Other Entities,2019,1943950.0,0.688,0.015,17.155,2.189,61.767,7.88,2.391,0.104,427.392,-4.526,-7.131,1179.027,150.415,245.345,31.3,-17.569,-13.644,501.794,64.017,9.497,7.169,330.4,329.58,-3.687,-80.327,16446.121,,-3.887,-78.017,1916.12,244.45,15121.436,1929.125,74.17,91.945,0.442,3.875,879.733,1409.518,179.82,6895.787,-11.071,-38.961,2453.048,312.949,54.56,41.93,1269433932805.91,9950.45008048459,2534036206427.55,19863.0272301481,140.86,-27.595,-22.28,58.459,186.948,23.85,458.228,7.236,2.786,-1.348,-2.31,168.999,667.291,85.13,1324.698,25.83,8.055,0.82,0.248,17.921,4.304,28.323,85.283,10.88,222.008,3.301,1.35,-7.678,-74.761,898.976,261.257,33.33,7046.622,-7.207,-85.739,8652.922,1103.901,10.113,42.847,20.369,26.46,18.58,-14.931,-3.575,207.407,145.639,159.664,8.028,5.637,0.971,2583.411,127575529.0,2098.123,-4.491,-6.614,140.676,582.008,74.25,1102.69,22.529,6.705,130.793,10.337,18.241,55.34,7.06,142.98,2.142,0.869,27.324,8.889,41.419,132.314,16.88,324.662,5.122,1.974
MNG,Mongolia,Asia,Eastern and South-Eastern Asia,Western Pacific,East Asia & Pacific,East Asia & Pacific (excluding high income),Lower middle income,IBRD,106.937,47.9129,Asia,Eastern and South-Eastern Asia,Western Pacific,East Asia & Pacific,East Asia & Pacific (excluding high income),Lower middle income,IBRD,Other Entities,2019,1557255.0,,,,,0.0,0.0,0.0,,739.663,,,,,1823.162,5.88,4.685,13.528,93733.35,302.306,90.046,,8.23,6.53,10.406,7.398,24337.973,,,,1823.162,5.88,,,90.046,,,,,0.0,0.0,,,,,,0.0,,14206359006.8095,4404.84583020208,41972674454.4322,13014.1129028497,4.83,,,,27.906,0.09,,1.378,,,,,201.54,0.65,,9.954,,1.7,20.656,,,,0.0,0.0,,0.0,,,,,0.0,0.0,,0.0,,,,0.0,,,0.0,0.0,,,0.0,0.0,,0.0,0.0,,2024.702,3225166.0,78.494,,,,201.54,0.65,,9.954,,,,,24.805,0.08,,1.225,,,,,148.83,0.48,,7.351,
MYS,Malaysia,Asia,Eastern and South-Eastern Asia,Western Pacific,East Asia & Pacific,East Asia & Pacific (excluding high income),Upper middle income,IBRD,101.684,3.12433,Asia,Eastern and South-Eastern Asia,Western Pacific,East Asia & Pacific,East Asia & Pacific (excluding high income),Upper middle income,IBRD,Other Entities,2019,328550.0,,,,,55.712,1.78,1.093,,551.557,2.429,6.289,8301.551,265.233,2195.32,70.14,0.0,,,,43.076,21.55,162.18,162.83,2.391,28.735,38521.961,,2.536,28.569,4174.675,133.38,36156.104,1155.18,81.914,93.858,0.045,0.202,446.98,1948.683,62.26,13990.089,2.637,20.367,24809.156,792.647,38.236,36.317,365276282438.141,11432.8229973018,946461544283.269,29623.4051587405,89.81,-2.481,-1.623,63.805,836.625,26.73,1997.031,16.416,5.184,-0.056,-0.039,70.317,921.759,29.45,2200.856,18.086,5.713,-0.65,-0.401,,0.0,0.0,0.0,0.0,0.0,0.0,0.0,5.245,22.077,442.966,30.673,0.98,13864.464,-7.57,-28.779,10998.084,351.386,0.602,35.991,4.721,1.78,0.0,40.591,1.363,55.712,0.0,147.754,1.093,0.0,0.384,5096.434,31949789.0,1230.769,-0.056,-0.039,70.317,921.759,29.45,2200.856,18.086,5.713,14.052,0.221,1.791,29.421,0.94,56.072,0.577,0.146,,0.0,0.0,0.0,0.0,0.0,0.0,0.0
NLD,Netherlands,Europe,Europe and Northern America,Europe,Europe & Central Asia,,High income,Not classified,4.89095,52.3738,Europe,Europe and Northern America,Europe,Europe & Central Asia,,High income,Not classified,Other Entities,2019,33670.0,31.268,2.06,505.925,8.65,339.823,5.81,4.81,0.887,454.553,-22.312,-21.444,4367.21,74.667,1035.847,17.71,,,,,14.661,7.652,121.66,120.8,-0.454,-4.447,57069.043,,-1.827,-16.766,5503.85,94.1,52704.523,901.096,77.897,92.352,4.444,15.75,370.194,4138.708,70.76,21652.457,-13.861,-44.806,16286.04,278.444,58.576,37.941,910194347568.626,52476.2732533327,1023422581997.29,59004.3249664016,54.91,2.157,0.004,0.184,4.094,0.07,10.744,0.058,0.019,19.773,12.319,74.622,1561.666,26.7,4364.566,22.103,7.648,0.86,0.707,10.828,0.946,9.681,228.693,3.91,566.258,3.237,0.992,-2.369,-11.072,456.234,329.295,5.63,26684.856,0.0,,,,4.661,46.759,14.397,5.81,0.0,26.721,3.036,339.823,0.0,842.083,4.81,0.0,1.476,7065.516,17344874.0,975.717,21.232,11.373,64.94,1332.973,22.79,3798.308,18.866,6.656,43.323,3.994,13.213,315.843,5.4,772.834,4.47,1.354,8.693,2.279,28.496,673.213,11.51,1666.721,9.528,2.921
NOR,Norway,Europe,Europe and Northern America,Europe,Europe & Central Asia,,High income,Not classified,10.7387,59.9138,Europe,Europe and Northern America,Europe,Europe & Central Asia,,High income,Not classified,Other Entities,2019,365107.85,,,,,46.478,0.25,0.186,,34.532,-2.325,-0.216,1687.077,9.075,7.437,0.04,0.0,,,,0.03,1.837,134.12,134.08,-6.497,-34.316,91823.227,,-2.545,-4.275,513.12,2.76,30432.63,163.693,2.058,33.143,3.072,1.361,45.652,382.981,2.06,8487.393,-5.794,-70.271,212423.837,1142.598,1.536,9.243,404941363636.364,75719.7528965342,357234985787.728,66799.1647159421,4.63,-10.293,-35.558,309.889,23335.804,125.52,57612.374,93.616,62.743,-8.793,-31.28,324.461,24414.1,131.32,60321.51,97.942,65.693,0.04,0.03,,0.0,0.0,0.0,0.0,0.0,0.0,0.0,-4.738,-5.42,108.966,122.703,0.66,20258.161,-5.729,-55.511,169828.175,913.482,0.492,22.062,0.626,0.25,0.0,23.463,0.119,46.478,0.0,116.474,0.186,0.0,0.127,24927.22,5347896.0,493.904,-8.793,-31.28,324.461,24414.1,131.32,60321.51,97.942,65.693,74.792,0.113,0.264,1.859,0.01,49.167,0.007,0.054,41.982,4.045,13.681,1029.958,5.54,2543.496,4.132,2.77
OWID_EUR,Europe,,,,,,,,,,,,,,,,,Other Entities,2019,,3.972,7.953,278.209,208.207,265.613,198.78,4.182,0.898,291.661,-13.708,-491.312,4132.723,3092.851,961.716,719.73,-10.998,-222.405,2404.916,1799.794,15.143,13.341,4747.58,4753.02,-1.508,-354.975,30977.259,,-2.73,-478.208,2811.521,2104.09,22765.08,17036.962,44.268,73.49,0.939,51.495,5534.741,1665.782,1246.64,7395.621,-6.45,-162.165,3142.855,2352.054,26.228,23.874,,,,,1386.27,-3.255,-52.312,1554.902,970.334,726.18,2077.686,15.278,6.707,2.046,123.233,6145.861,3539.545,2648.93,8212.204,55.732,26.51,-5.44,-0.115,-1.015,-23.619,2302.843,1503.819,1125.43,3077.098,23.678,9.933,-0.454,-38.391,8409.357,184.024,137.72,11236.736,-3.13,-59.46,2458.833,1840.145,2.898,36.274,562.524,212.47,13.69,3.748,20.32,283.906,18.293,751.654,4.47,0.288,2.426,6351.066,748381407.0,23182.805,3.973,146.852,3843.018,2035.727,1523.5,5135.106,32.053,16.577,9.847,33.906,378.252,191.56,143.36,505.426,3.016,1.632,13.669,136.985,1139.134,589.926,441.49,1522.131,9.289,4.914
PAK,Pakistan,Asia,Central and Southern Asia,Eastern Mediterranean,South Asia,South Asia,Lower middle income,Blend,72.8,30.5167,Asia,Central and Southern Asia,Eastern Mediterranean,South Asia,South Asia,Lower middle income,Blend,Other Entities,2019,770880.0,,,,,5.403,1.17,0.972,,358.223,12.602,17.355,716.064,155.075,63.537,13.76,53.955,12.404,163.427,35.393,11.429,15.883,120.89,120.4,1.035,9.999,4508.308,,-0.734,-6.286,325.214,70.43,3926.594,850.364,58.497,87.097,2.006,8.742,444.618,201.048,43.54,2053.045,-4.427,-15.139,1509.301,326.862,36.163,45.539,279056608888.638,1288.55632450434,1060388933616.92,4896.39314506171,43.13,22.694,16.628,89.896,162.907,35.28,415.099,29.302,9.207,14.846,16.286,125.98,230.739,49.97,581.718,41.503,12.903,0.49,0.405,-1.078,-0.248,22.738,41.881,9.07,104.994,7.533,2.329,-11.441,-32.383,250.671,60.628,13.13,1157.484,0.0,,,,10.905,25.674,1.53,1.17,0.0,-40.238,-1.03,5.403,0.0,7.067,0.972,0.0,0.157,555.952,216565317.0,976.343,19.068,16.533,103.242,188.858,40.9,476.724,33.97,10.574,4.649,0.179,4.02,5.356,1.16,18.56,0.963,0.412,10.765,0.758,7.796,15.192,3.29,35.997,2.733,0.798
PER,Peru,South America,Latin America and Caribbean,Americas,Latin America & Caribbean ,Latin America & Caribbean (excluding high income),Upper middle income,IBRD,-77.0465,-12.0931,South America,Latin America and Caribbean,Americas,Latin America & Caribbean ,Latin America & Caribbean (excluding high income),Upper middle income,IBRD,Other Entities,2019,1280000.0,,,,,15.072,0.49,0.883,,238.327,-32.551,-4.236,270.001,8.778,11.073,0.36,0.0,,,,0.649,2.665,55.53,55.47,0.994,3.243,10131.892,,0.489,1.166,654.866,21.29,7374.624,239.752,38.381,72.786,2.318,1.86,82.113,387.568,12.6,2525.733,5.341,6.843,4151.215,134.958,22.715,24.929,228470919605.669,7027.61220697723,435551564551.279,13397.2739160483,13.22,1.981,1.514,77.907,961.537,31.26,2396.36,56.355,23.652,2.633,2.186,85.207,1051.354,34.18,2620.899,61.619,25.868,0.06,0.108,,0.0,0.0,0.0,0.0,0.0,0.0,0.0,2.437,3.542,148.862,256.225,8.33,4578.89,4.225,2.878,2184.056,71.005,15.017,45.193,1.312,0.49,0.0,26.052,0.271,15.072,0.0,40.367,0.883,0.0,0.398,1706.22,32510462.0,329.393,2.633,2.186,85.207,1051.354,34.18,2620.899,61.619,25.868,1.984,0.037,1.889,23.992,0.78,58.115,1.406,0.574,9.748,0.364,4.098,50.753,1.65,126.056,2.975,1.244
PHL,Philippines,Asia,Eastern and South-Eastern Asia,Western Pacific,East Asia & Pacific,East Asia & Pacific (excluding high income),Lower middle income,IBRD,121.035,14.5515,Asia,Eastern and South-Eastern Asia,Western Pacific,East Asia & Pacific,East Asia & Pacific (excluding high income),Lower middle income,IBRD,Other Entities,2019,298170.0,,,,,15.909,1.72,1.704,,576.752,6.925,13.17,1880.739,203.339,415.2,44.89,,,,,44.485,36.328,100.91,100.91,3.058,16.607,5177.145,,4.093,19.621,723.94,78.27,4615.764,499.041,77.564,89.156,3.111,1.272,42.16,134.392,14.53,389.949,,,,,14.399,7.532,376823278560.849,3485.3408438977,1004590126617.83,9291.72691519935,58.2,-14.79,-3.449,19.873,73.439,7.94,183.81,7.868,3.55,-5.843,-3.387,54.587,209.404,22.64,504.887,22.436,9.752,0.0,0.0,,0.0,0.0,0.0,0.0,0.0,0.0,0.0,2.086,5.18,253.542,174.349,18.85,2345.076,,,,,18.68,45.297,29.049,12.41,10.69,1.28,0.367,114.783,98.875,268.681,12.298,10.594,5.19,933.344,108116622.0,559.735,-5.843,-3.387,54.587,209.404,22.64,504.887,22.436,9.752,-0.611,-0.019,3.086,11.562,1.25,28.539,1.239,0.551,-9.984,-0.286,2.579,9.619,1.04,23.857,1.031,0.461
POL,Poland,Europe,Europe and Northern America,Europe,Europe & Central Asia,,High income,IBRD,21.02,52.26,Europe,Europe and Northern America,Europe,Europe & Central Asia,,High income,IBRD,Other Entities,2019,306170.0,8.005,0.847,301.807,11.435,202.704,7.68,4.711,0.972,670.94,-10.894,-63.097,13621.25,516.078,3118.157,118.14,-5.628,-30.941,13693.632,518.821,72.461,43.869,173.66,163.04,-2.984,-36.182,31049.816,,-4.035,-46.334,3631.251,137.58,29084.417,1101.944,84.384,93.67,4.831,9.627,208.888,390.627,14.8,5513.335,0.098,0.039,1051.842,39.852,9.078,17.756,597280564671.563,15732.2031311754,1283148291764.73,33797.7673600747,109.39,-1.178,-0.058,4.839,51.732,1.96,127.707,1.202,0.411,15.785,10.152,74.466,671.985,25.46,1965.423,15.616,6.33,10.62,6.115,,0.0,0.0,0.0,0.0,0.0,0.0,0.0,1.93,7.136,376.977,122.467,4.64,9949.833,0.0,,,,2.846,32.045,19.025,7.68,0.0,16.901,2.75,202.704,0.0,502.134,4.711,0.0,1.617,4303.236,37965475.0,1176.408,15.785,10.152,74.466,671.985,25.46,1965.423,15.616,6.33,136.018,1.014,1.76,18.74,0.71,46.447,0.435,0.15,17.596,5.597,37.408,398.809,15.11,987.328,9.268,3.18
PRT,Portugal,Europe,Europe and Northern America,Europe,Europe & Central Asia,,High income,Not classified,-9.13552,38.7072,Europe,Europe and Northern America,Europe,Europe & Central Asia,,High income,Not classified,Other Entities,2019,91605.6,-0.046,-0.002,320.794,3.28,328.569,3.36,6.495,1.145,294.993,-54.156,-17.15,1419.701,14.518,540.769,5.53,,,,,10.69,5.067,55.13,51.73,-4.896,-14.752,28018.71,,-4.241,-9.538,2378.21,24.32,21061.953,215.383,47.013,75.171,5.788,3.356,61.35,1687.825,17.26,5999.335,,,,,33.366,21.412,239986922638.902,23330.817288932,372075451394.494,36172.0725393171,15.26,-29.109,-8.966,21.835,862.492,8.82,2135.235,17.05,7.621,-6.828,-5.213,71.141,2680.376,27.41,6956.779,52.987,24.829,3.4,6.167,,0.0,0.0,0.0,0.0,0.0,0.0,0.0,3.146,4.256,139.515,149.616,1.53,13642.917,,,,,2.958,48.692,8.857,3.58,0.22,5.251,0.442,350.082,21.513,866.153,6.921,0.425,3.091,5058.586,10286263.0,286.524,-6.828,-5.213,71.141,2680.376,27.41,6956.779,52.987,24.829,33.139,0.828,3.326,131.036,1.34,325.201,2.59,1.161,7.923,2.484,33.842,1336.765,13.67,3309.397,26.426,11.811
ROU,Romania,Europe,Europe and Northern America,Europe,Europe & Central Asia,Europe & Central Asia (excluding high income),Upper middle income,IBRD,26.0979,44.4479,Europe,Europe and Northern America,Europe,Europe & Central Asia,Europe & Central Asia (excluding high income),Upper middle income,IBRD,Other Entities,2019,230080.0,,,,,25.82,0.5,0.845,,284.556,-3.087,-1.841,2983.856,57.781,702.83,13.61,-2.238,-1.046,2359.033,45.682,22.998,15.119,60.7,59.18,-2.348,-9.191,19736.216,,-1.918,-5.65,1201.68,23.27,14921.219,288.943,39.321,75.603,-7.111,-8.222,107.408,462.185,8.95,5546.63,-3.365,-3.351,4969.174,96.226,15.123,28.104,249881592298.072,12899.3461112897,617323853338.569,31867.3895653364,16.84,-12.118,-5.32,38.582,804.563,15.58,1992.391,26.326,10.095,-4.757,-4.442,88.936,1854.419,35.91,4592.722,60.679,23.271,1.52,2.504,-1.218,-0.344,27.932,582.507,11.28,1442.416,19.06,7.308,3.697,4.412,123.754,36.665,0.71,6390.732,-0.28,-0.116,2142.275,41.484,1.2,32.381,1.248,0.5,0.0,14.905,0.162,25.82,0.0,64.467,0.845,0.0,0.327,3056.099,19371648.0,382.183,-6.295,-4.098,61.004,1271.911,24.63,3150.306,41.619,15.962,0.025,0.001,4.403,91.921,1.78,227.36,3.008,1.152,6.739,1.059,16.771,349.608,6.77,866.089,11.44,4.388
SWE,Sweden,Europe,Europe and Northern America,Europe,Europe & Central Asia,,High income,Not classified,18.0645,59.3327,Europe,Europe and Northern America,Europe,Europe & Central Asia,,High income,Not classified,Other Entities,2019,407310.0,3.294,0.543,1697.085,17.033,1299.272,13.04,7.743,2.735,47.025,-0.779,-0.179,2277.013,22.853,20.924,0.21,,,,,0.125,3.67,142.26,168.42,3.813,22.873,62046.398,,5.633,10.527,333.785,3.35,19668.77,197.403,1.989,31.7,0.325,0.033,10.202,28.895,0.29,1016.477,,,,,0.172,1.638,533879529188.454,51939.4297445291,561214693598.111,54598.7803541484,7.92,4.7,7.249,161.467,6513.297,65.37,16088.131,38.814,25.929,2.99,12.346,425.319,16447.147,165.07,42377.677,98.011,68.3,-26.16,-18.389,-3.885,-6.618,163.752,6589.022,66.13,16315.858,39.265,26.296,6.946,10.674,164.349,283.967,2.85,16375.28,,,,,1.692,26.392,32.28,13.04,0.0,9.023,2.672,1299.272,0.0,3216.294,7.743,0.0,5.184,16780.933,10278887.0,622.722,7.817,18.965,261.567,9858.125,98.94,26061.82,58.746,42.004,68.94,0.67,1.642,67.753,0.68,163.578,0.404,0.264,18.955,7.831,49.146,1977.803,19.85,4896.731,11.786,7.892
THA,Thailand,Asia,Eastern and South-Eastern Asia,South-East Asia,East Asia & Pacific,East Asia & Pacific (excluding high income),Upper middle income,IBRD,100.521,13.7308,Asia,Eastern and South-Eastern Asia,South-East Asia,East Asia & Pacific,East Asia & Pacific (excluding high income),Upper middle income,IBRD,Other Entities,2019,510890.0,11.652,2.709,372.796,25.956,200.645,13.97,7.71,1.695,495.06,-10.876,-24.217,2850.289,198.453,492.635,34.3,-5.971,-2.608,589.895,41.072,18.93,12.958,203.85,181.19,-0.248,-3.812,21996.591,,-0.809,-11.716,2183.537,152.03,20638.183,1436.945,83.906,93.824,1.839,9.2,509.396,1675.39,116.65,7316.22,3.008,10.446,5137.866,357.727,64.38,33.261,544263840039.166,7817.00967118918,1339169089346.26,19233.8659169861,89.7,-17.248,-3.257,15.625,91.489,6.37,224.412,3.516,1.02,9.119,7.904,94.581,418.812,29.16,1358.425,16.094,6.176,22.66,11.116,,0.0,0.0,0.0,0.0,0.0,0.0,0.0,0.455,3.301,729.096,15.512,1.08,10471.674,-0.322,-0.632,2806.87,195.43,0.596,47.606,36.137,13.97,0.0,23.783,6.943,200.645,0.0,519.02,7.71,0.0,2.36,2602.348,69625581.0,1531.525,9.119,7.904,94.581,418.812,29.16,1358.425,16.094,6.176,0.309,0.035,11.311,73.967,5.15,162.455,2.842,0.739,36.13,1.474,5.552,52.711,3.67,79.742,2.025,0.363
TUN,Tunisia,Africa,Northern Africa and Western Asia,Eastern Mediterranean,Middle East & North Africa,Middle East & North Africa (excluding high income),Lower middle income,IBRD,10.21,36.7899,Africa,Northern Africa and Western Asia,Eastern Mediterranean,Middle East & North Africa,Middle East & North Africa (excluding high income),Lower middle income,IBRD,Other Entities,2019,155360.0,,,,,0.0,0.0,0.0,,471.533,,,,,0.0,0.0,,,,,0.0,,20.39,20.55,0.178,0.217,10435.093,,,,1687.086,19.73,,,96.01,,,,,1687.086,19.73,,0.0,,,,96.01,,41804581484.3655,3574.65402418454,139166669857.16,11899.9563869168,9.69,,,,5.986,0.07,,0.341,,,,,70.117,0.82,,3.99,,-0.16,-0.785,,,,0.0,0.0,,0.0,,,,,0.0,0.0,,-16.795,-4.636,1963.772,22.966,0.0,,,0.0,0.0,,,0.0,0.0,,0.0,0.0,,1757.203,11694721.0,122.036,,,,70.117,0.82,,3.99,,,,,21.377,0.25,,1.217,,,,,42.754,0.5,,2.433,
TUR,Turkey,Asia,Northern Africa and Western Asia,Europe,Europe & Central Asia,Europe & Central Asia (excluding high income),Upper middle income,IBRD,32.3606,39.7153,Asia,Northern Africa and Western Asia,Europe,Europe & Central Asia,Europe & Central Asia (excluding high income),Upper middle income,IBRD,Other Entities,2019,769630.0,,,,,42.071,3.51,1.159,,411.638,2.59,12.306,5843.571,487.526,1332.501,111.17,4.847,9.328,2418.481,201.773,36.715,26.973,302.21,302.79,3.392,59.304,21664.522,,-1.667,-25.069,2043.999,170.53,17720.721,1478.433,56.32,81.796,-8.196,-38.712,433.613,686.687,57.29,5197.361,0.0,,,,18.921,23.99,761004425605.414,9121.51516673708,2241542488878.69,26867.470307977,124.64,47.644,70.975,219.945,1064.61,88.82,2636.29,29.334,12.169,34.672,84.25,327.241,1585.289,132.26,3922.356,43.68,18.105,-0.58,-0.192,,0.0,0.0,0.0,0.0,0.0,0.0,0.0,0.24,1.336,557.292,24.811,2.07,6679.789,0.0,,,,0.684,30.833,30.581,12.46,8.95,22.063,5.528,149.347,107.276,366.554,4.115,2.956,1.692,3629.287,83429607.0,1807.463,34.672,84.25,327.241,1585.289,132.26,3922.356,43.68,18.105,18.153,3.519,22.905,110.872,9.25,274.537,3.055,1.267,8.529,4.229,53.81,260.459,21.73,644.974,7.177,2.977
TWN,Taiwan,Asia,,,East Asia & Pacific,,High income,Not classified,,,Asia,,,East Asia & Pacific,,High income,Not classified,Other Entities,2019,,,,,,84.126,2.0,0.742,,573.754,-1.986,-9.405,19523.9,464.158,5360.926,127.45,,,,,47.26,34.089,269.68,269.68,-1.793,-24.86,57272.555,,-3.281,-42.326,9467.533,225.08,52490.105,1247.893,83.462,91.65,-1.7,-4.023,232.598,3865.166,91.89,9783.779,,,,,34.074,17.083,,,,,154.73,23.268,2.592,13.73,233.449,5.55,577.53,2.058,1.008,18.261,17.495,113.3,1876.008,44.6,4765.754,16.538,8.321,0.0,0.0,16.335,11.239,80.04,1310.262,31.15,3366.715,11.551,5.878,-4.982,-28.898,551.136,241.441,5.74,23182.426,,,,,2.128,40.477,4.904,2.0,0.0,0.44,0.021,84.126,0.0,206.297,0.742,0.0,0.36,11343.542,23773880.0,1361.591,23.169,6.257,33.261,565.747,13.45,1399.039,4.987,2.443,47.474,3.2,9.94,168.673,4.01,418.122,1.487,0.73,10.453,0.443,4.686,79.499,1.89,197.089,0.701,0.344
USA,United States,North America,Europe and Northern America,Americas,North America,,High income,Not classified,-77.032,38.8895,United States,United States,United States,United States,United States,United States,United States,United States,2019,9147420.0,-0.053,-0.206,1180.35,388.412,174.768,57.51,1.384,1.473,392.981,-14.609,-538.999,9573.985,3150.46,2932.431,964.96,-7.21,-308.397,12061.615,3969.054,23.219,11.952,4195.02,4155.98,-0.776,-206.241,80105.754,,-1.201,-266.842,7865.348,2588.21,66726.343,21957.297,62.277,83.298,3.349,275.227,8492.377,4819.141,1585.81,25807.625,10.59,890.514,28261.523,9299.875,38.157,32.217,21433224697000.0,65279.5290260953,21433224696999.9,65279.529026095,1633.22,-1.761,-12.674,706.88,858.828,282.61,2148.149,6.8,2.682,1.396,60.6,4402.716,4764.319,1567.77,13379.475,37.723,16.702,39.04,0.931,-0.082,-1.725,2109.762,2459.728,809.41,6411.387,19.476,8.004,-0.03,-3.069,10314.443,113.777,37.44,31344.732,11.578,902.527,26430.704,8697.417,0.901,39.129,190.224,72.98,15.47,-6.54,-13.311,221.78,47.012,578.076,1.756,0.372,0.722,12629.667,328329953.0,26359.991,2.794,62.326,2292.953,2304.591,758.36,6968.088,18.247,8.699,14.068,32.975,267.367,324.83,106.89,812.504,2.572,1.014,8.114,55.542,740.07,899.154,295.88,2249.01,7.119,2.808
VNM,Vietnam,Asia,Eastern and South-Eastern Asia,Western Pacific,East Asia & Pacific,East Asia & Pacific (excluding high income),Lower middle income,IBRD,105.825,21.0069,Asia,Eastern and South-Eastern Asia,Western Pacific,East Asia & Pacific,East Asia & Pacific (excluding high income),Lower middle income,IBRD,Other Entities,2019,310070.0,,,,,0.0,0.0,0.0,,539.565,30.654,134.73,5953.059,574.244,1162.633,112.15,9.445,26.07,3131.864,302.106,52.387,49.618,215.33,214.08,11.774,121.905,11997.658,,18.835,155.234,1623.021,156.56,10153.492,979.427,73.132,84.629,1.998,1.93,98.526,445.771,43.0,1021.402,1.998,1.93,1021.401,98.526,20.086,8.513,261921244843.172,2715.27598010995,808472012424.407,8381.23931963427,115.51,-20.137,-42.283,167.696,538.864,51.98,1738.461,24.281,14.49,-15.779,-33.328,177.893,596.296,57.52,1844.175,26.868,15.371,1.25,0.581,,0.0,0.0,0.0,0.0,0.0,0.0,0.0,6.447,18.574,306.656,14.617,1.41,3179.032,-7.799,-11.256,1379.534,133.073,0.659,26.497,0.001,0.0,0.0,-99.427,-0.189,0.0,0.0,0.011,0.0,0.0,0.0,2219.317,96462108.0,1157.319,-15.779,-33.328,177.893,596.296,57.52,1844.175,26.868,15.371,3514.319,9.913,10.195,49.968,4.82,105.69,2.251,0.881,-99.845,-0.77,0.001,7.464,0.72,0.012,0.336,0.0
ZAF,South Africa,Africa,Sub-Saharan Africa,Africa,Sub-Saharan Africa ,Sub-Saharan Africa (excluding high income),Upper middle income,IBRD,28.1871,-25.746,Africa,Sub-Saharan Africa,Africa,Sub-Saharan Africa ,Sub-Saharan Africa (excluding high income),Upper middle income,IBRD,Other Entities,2019,1213090.0,,,,,6.831,0.4,0.171,,731.385,3.181,31.186,17272.489,1011.446,3509.155,205.49,3.329,55.607,29475.023,1726.006,88.034,69.917,226.76,233.42,2.193,31.045,24704.269,,1.873,25.371,3559.873,208.46,23567.715,1380.084,89.307,95.399,-3.79,-1.672,42.436,29.885,1.75,724.68,0.0,,,,0.75,2.933,387934574098.17,6624.76186493309,836783581625.514,14289.7600030669,170.72,-17.045,-0.496,2.412,18.443,1.08,41.185,0.463,0.167,9.583,5.757,65.824,426.242,24.96,1124.079,10.693,4.55,-6.66,-2.937,16.976,4.886,33.667,232.247,13.6,574.926,5.826,2.327,-1.254,-4.143,326.201,20.834,1.22,5570.546,0.0,,,,0.523,22.549,1.063,0.4,0.0,-0.369,-0.004,6.831,0.0,18.151,0.171,0.0,0.073,3986.115,58558267.0,1446.639,2.783,0.871,32.157,193.995,11.36,549.153,4.867,2.223,6.821,0.775,12.141,55.671,3.26,207.33,1.397,0.839,3.73,0.595,16.542,113.05,6.62,282.486,2.836,1.143
